url,team,name,pob,dob
/home/edimar/doutorado/doutorado04/bases/ORION/driver/gp_update/1169603.html,Mercedes Grand Prix,Lewis Hamilton,United Kingdom,7 January 1985 (31)
/home/edimar/doutorado/doutorado04/bases/ORION/driver/gp_update/1172065.html,Mercedes Grand Prix,Nico Rosberg,Germany,27 June 1985 (31)
/home/edimar/doutorado/doutorado04/bases/ORION/driver/gp_update/1172075.html,McLaren,Fernando Alonso,Spain,29 July 1981 (35)
/home/edimar/doutorado/doutorado04/bases/ORION/driver/gp_update/1172079.html,Team Penske,Juan Pablo Montoya,Colombia,20 September 1975 (40)
/home/edimar/doutorado/doutorado04/bases/ORION/driver/gp_update/1172081.html,McLaren,Jenson Button,United Kingdom,19 January 1980 (36)
/home/edimar/doutorado/doutorado04/bases/ORION/driver/gp_update/1172086.html,Red Bull Racing,Mark Webber,Australia,27 August 1976 (40)
/home/edimar/doutorado/doutorado04/bases/ORION/driver/gp_update/1172115.html,Ferrari,Kimi Räikkönen,Finland,17 October 1979 (36)
/home/edimar/doutorado/doutorado04/bases/ORION/driver/gp_update/1172154.html,Ferrari,Sebastian Vettel,Germany,3 July 1987 (29)
/home/edimar/doutorado/doutorado04/bases/ORION/driver/gp_update/1172167.html,Ongetta,Niccolo Antonelli,Italy,23 February 1996 (20)
/home/edimar/doutorado/doutorado04/bases/ORION/driver/gp_update/1172175.html,RBA Racing Team,Gabriel Rodrigo,Argentina,
/home/edimar/doutorado/doutorado04/bases/ORION/driver/gp_update/1172189.html,Sky Racing Team VR46,Romano Fenati,Italy,15 January 1996 (20)
/home/edimar/doutorado/doutorado04/bases/ORION/driver/gp_update/1172199.html,Ducati Team,Andrea Dovizioso,Italy,23 March 1986 (30)
/home/edimar/doutorado/doutorado04/bases/ORION/driver/gp_update/1172201.html,Audi Sport Team Phoenix,Mike Rockenfeller,Germany,31 October 1983 (32)
/home/edimar/doutorado/doutorado04/bases/ORION/driver/gp_update/1172236.html,Campos Racing,Steijn Schothorst,Netherlands,
/home/edimar/doutorado/doutorado04/bases/ORION/driver/gp_update/1172295.html,Williams,Valtteri Bottas,Finland,28 August 1989 (27)
/home/edimar/doutorado/doutorado04/bases/ORION/driver/gp_update/1172298.html,Idemitsu Honda Team Asia,Takaaki Nakagami,Japan,9 February 1992 (24)
/home/edimar/doutorado/doutorado04/bases/ORION/driver/gp_update/1172336.html,Mahindra Racing,Francesco Bagnaia,Italy,
/home/edimar/doutorado/doutorado04/bases/ORION/driver/gp_update/1172344.html,Koiranen Motorsport,Ralph Boschung,Switzerland,23 September 1997 (18)
/home/edimar/doutorado/doutorado04/bases/ORION/driver/gp_update/1172347.html,DAMS,Kevin Joerg,Switzerland,
/home/edimar/doutorado/doutorado04/bases/ORION/driver/gp_update/1172360.html,ROAL Motorsport,Tom Coronel,Netherlands,5 April 1972 (44)
/home/edimar/doutorado/doutorado04/bases/ORION/driver/gp_update/1172383.html,Münnich Motorsport,James Thompson,United Kingdom,29 April 1974 (42)
/home/edimar/doutorado/doutorado04/bases/ORION/driver/gp_update/1172403.html,Freudenberg Racing Team,Karel Hanika,Czech Republic,14 April 1996 (20)
/home/edimar/doutorado/doutorado04/bases/ORION/driver/gp_update/1172466.html,Tech 3,Alex Lowes,Great Britain,14 September 1990 (25)
/home/edimar/doutorado/doutorado04/bases/ORION/driver/gp_update/1172476.html,Koiranen Motorsport,Mahaveer Raghunathan,India,
/home/edimar/doutorado/doutorado04/bases/ORION/driver/gp_update/1172478.html,Honda Team Asia,Hiroki Ono,Japan,6 May 1990 (26)
/home/edimar/doutorado/doutorado04/bases/ORION/driver/gp_update/1172507.html,Trident Racing,Philo Paz Armand,Indonesia,12 March 1996 (20)
/home/edimar/doutorado/doutorado04/bases/ORION/driver/gp_update/1172529.html,Schmidt Peterson Motorsports,Mikhail Aleshin,Russia,22 May 1987 (29)
/home/edimar/doutorado/doutorado04/bases/ORION/driver/gp_update/1172559.html,Russian Time,Artem Markelov,Russia,
/home/edimar/doutorado/doutorado04/bases/ORION/driver/gp_update/1172564.html,Jenzer Motorsport,Richard Gonda,Slovakia,
/home/edimar/doutorado/doutorado04/bases/ORION/driver/gp_update/1172582.html,Team Italia,Stefano Valtulini,Italy,
/home/edimar/doutorado/doutorado04/bases/ORION/driver/gp_update/1172623.html,Team Suzuki Ecstar,Aleix Espargaro,Spain,30 July 1989 (27)
/home/edimar/doutorado/doutorado04/bases/ORION/driver/gp_update/1172635.html,MS Amlin Andretti,Antonio Felix da Costa,Portugal,31 August 1991 (25)
/home/edimar/doutorado/doutorado04/bases/ORION/driver/gp_update/1172645.html,Van Amersfoort Racing,Harrison Newey,United Kingdom,25 July 1998 (18)
/home/edimar/doutorado/doutorado04/bases/ORION/driver/gp_update/1172663.html,BMW Team RBM,Maxime Martin,Belgium,20 March 1986 (30)
/home/edimar/doutorado/doutorado04/bases/ORION/driver/gp_update/1172670.html,BMW Team MTEK,Bruno Spengler,Canada,23 August 1983 (33)
/home/edimar/doutorado/doutorado04/bases/ORION/driver/gp_update/1172684.html,Dale Coyne Racing,Luca Filippi,Italy,9 August 1985 (31)
/home/edimar/doutorado/doutorado04/bases/ORION/driver/gp_update/1172711.html,Trident Racing,Sandy Stuvik,Thailand,11 April 1995 (21)
/home/edimar/doutorado/doutorado04/bases/ORION/driver/gp_update/1172729.html,Red Bull Racing,Daniel Ricciardo,Australia,1 July 1989 (27)
/home/edimar/doutorado/doutorado04/bases/ORION/driver/gp_update/1172739.html,Rapax,Arthur Pic,France,5 October 1991 (24)
/home/edimar/doutorado/doutorado04/bases/ORION/driver/gp_update/1172759.html,Arden,Jake Dennis,Great Britain,30 June 1995 (21)
/home/edimar/doutorado/doutorado04/bases/ORION/driver/gp_update/1172762.html,Ajo Motorsport,Johann Zarco,France,16 July 1990 (26)
/home/edimar/doutorado/doutorado04/bases/ORION/driver/gp_update/1172792.html,Polestar Racing,Fredrik Ekblom,Sweden,6 October 1970 (45)
/home/edimar/doutorado/doutorado04/bases/ORION/driver/gp_update/1172885.html,Ed Carpenter Racing,Josef Newgarden,United States,22 December 1990 (25)
/home/edimar/doutorado/doutorado04/bases/ORION/driver/gp_update/1172892.html,Stop And Go Racing Team,Luis Salom,Spain,7 August 1991
/home/edimar/doutorado/doutorado04/bases/ORION/driver/gp_update/1172899.html,Renault,Nicholas Latifi,Canada,29 June 1995 (21)
/home/edimar/doutorado/doutorado04/bases/ORION/driver/gp_update/1172906.html,MP Motorsport,Oliver Rowland,Great Britain,10 August 1992 (24)
/home/edimar/doutorado/doutorado04/bases/ORION/driver/gp_update/1172913.html,ART Grand Prix,Charles Leclerc,Monaco,16 October 1997 (18)
/home/edimar/doutorado/doutorado04/bases/ORION/driver/gp_update/1172920.html,Arden,Tatiana Calderon,Colombia,10 March 1993 (23)
/home/edimar/doutorado/doutorado04/bases/ORION/driver/gp_update/1172926.html,Husqvarna Factory Laglisse,Lorenzo Dalla Porta,Italy,22 June 1997 (19)
/home/edimar/doutorado/doutorado04/bases/ORION/driver/gp_update/1172928.html,Montaze Broz Racing Team,Anthony West,Australia,17 July 1981 (35)
/home/edimar/doutorado/doutorado04/bases/ORION/driver/gp_update/1172933.html,Ambrogio Racing,Marcos Ramirez,Spain,
/home/edimar/doutorado/doutorado04/bases/ORION/driver/gp_update/1172972.html,Interwetten Paddock,Dominique Aegerter,Switzerland,30 September 1990 (25)
/home/edimar/doutorado/doutorado04/bases/ORION/driver/gp_update/1173000.html,Williams,Lance Stroll,Canada,29 October 1998 (17)
/home/edimar/doutorado/doutorado04/bases/ORION/driver/gp_update/1173010.html,HWA Team,Daniel Juncadella,Spain,7 May 1991 (25)
/home/edimar/doutorado/doutorado04/bases/ORION/driver/gp_update/1173019.html,Kiefer Racing,Danny Kent,Great Britain,25 November 1993 (22)
/home/edimar/doutorado/doutorado04/bases/ORION/driver/gp_update/1173034.html,Sky Racing Team VR46,Andrea Migno,Italy,10 January 1996 (20)
/home/edimar/doutorado/doutorado04/bases/ORION/driver/gp_update/1173035.html,Honda Racing Team JAS,Robert Huff,United Kingdom,25 December 1979 (36)
/home/edimar/doutorado/doutorado04/bases/ORION/driver/gp_update/1173048.html,Interwetten Paddock,Iker Lecuona,Spain,6 January 2000 (16)
/home/edimar/doutorado/doutorado04/bases/ORION/driver/gp_update/1173059.html,Mücke Motorsport,Lucas Auer,Austria,11 September 1994 (21)
/home/edimar/doutorado/doutorado04/bases/ORION/driver/gp_update/1173068.html,Prema,Antonio Giovinazzi,Italy,14 December 1993 (22)
/home/edimar/doutorado/doutorado04/bases/ORION/driver/gp_update/1173075.html,Audi Sport Team Rosberg,Adrien Tambay,France,25 February 1991 (25)
/home/edimar/doutorado/doutorado04/bases/ORION/driver/gp_update/1173095.html,HP Tuenti 40,Alex Rins,Spain,8 December 1995 (20)
/home/edimar/doutorado/doutorado04/bases/ORION/driver/gp_update/1173101.html,KVSH Racing,Rubens Barrichello,Brazil,23 May 1972 (44)
/home/edimar/doutorado/doutorado04/bases/ORION/driver/gp_update/1173163.html,Marc VDS Racing Team,Alex Marquez,Spain,23 April 1996 (20)
/home/edimar/doutorado/doutorado04/bases/ORION/driver/gp_update/1173180.html,RW Racing GP,Livio Loi,Belgium,
/home/edimar/doutorado/doutorado04/bases/ORION/driver/gp_update/1173189.html,Campos Racing,Alex Palou,Spain,
/home/edimar/doutorado/doutorado04/bases/ORION/driver/gp_update/1173196.html,Estrella Galicia 0'0,Jorge Navarro,Spain,3 February 1996 (20)
/home/edimar/doutorado/doutorado04/bases/ORION/driver/gp_update/1173198.html,BMW Team MTEK,Augusto Farfus,Brazil,9 March 1983 (33)
/home/edimar/doutorado/doutorado04/bases/ORION/driver/gp_update/1173199.html,ART Grand Prix,Rene Binder,Austria,1 January 1992 (24)
/home/edimar/doutorado/doutorado04/bases/ORION/driver/gp_update/1173215.html,Chip Ganassi Racing,Max Chilton,United Kingdom,21 April 1991 (25)
/home/edimar/doutorado/doutorado04/bases/ORION/driver/gp_update/1173268.html,Red Bull Racing,Max Verstappen,Netherlands,30 September 1997 (18)
/home/edimar/doutorado/doutorado04/bases/ORION/driver/gp_update/1173275.html,Prema Powerteam,Nick Cassidy,New Zealand,19 August 1994 (22)
/home/edimar/doutorado/doutorado04/bases/ORION/driver/gp_update/1173302.html,Mahindra Racing,Jorge Martin,Spain,
/home/edimar/doutorado/doutorado04/bases/ORION/driver/gp_update/1173318.html,Carlin,Sergio Canamasas,Spain,3 April 1986 (30)
/home/edimar/doutorado/doutorado04/bases/ORION/driver/gp_update/1173341.html,Renault,Heikki Kovalainen,Finland,19 October 1981 (34)
/home/edimar/doutorado/doutorado04/bases/ORION/driver/gp_update/1173378.html,Gresini Racing,Enea Bastianini,Italy,30 December 1997 (18)
/home/edimar/doutorado/doutorado04/bases/ORION/driver/gp_update/1173393.html,ART Grand Prix,Nobuharu Matsushita,Japan,13 October 1993 (22)
/home/edimar/doutorado/doutorado04/bases/ORION/driver/gp_update/1173404.html,Scuderia Toro Rosso,Daniil Kvyat,Russia,26 April 1994 (22)
/home/edimar/doutorado/doutorado04/bases/ORION/driver/gp_update/1173426.html,Arden International,Nabil Jeffri,Malaysia,24 October 1993 (22)
/home/edimar/doutorado/doutorado04/bases/ORION/driver/gp_update/1173486.html,Tech 3 Racing,Xavi Vierge,Spain,
/home/edimar/doutorado/doutorado04/bases/ORION/driver/gp_update/1173515.html,Arginano Racing Team,Axel Pons,Spain,19 April 1991 (25)
/home/edimar/doutorado/doutorado04/bases/ORION/driver/gp_update/1173541.html,Prema Powerteam,Maximilian Günther,Germany,7 February 1997 (19)
/home/edimar/doutorado/doutorado04/bases/ORION/driver/gp_update/1173589.html,Zengo Motorsport,Ferenc Ficza,Hungary,13 May 1996 (20)
/home/edimar/doutorado/doutorado04/bases/ORION/driver/gp_update/1173596.html,Ferrari,Maurizio Arrivabene,Italy,7 March 1957 (59)
/home/edimar/doutorado/doutorado04/bases/ORION/driver/gp_update/1173608.html,Manor Racing,Pascal Wehrlein,Germany,18 October 1994 (21)
/home/edimar/doutorado/doutorado04/bases/ORION/driver/gp_update/1173624.html,Jaguar Formula E Team,Alex Lynn,Great Britain,17 September 1993 (22)
/home/edimar/doutorado/doutorado04/bases/ORION/driver/gp_update/1173644.html,Haas F1,Romain Grosjean,France,17 April 1986 (30)
/home/edimar/doutorado/doutorado04/bases/ORION/driver/gp_update/1173645.html,Petronas Malaysia,Hafizh Syarhin,Malaysia,
/home/edimar/doutorado/doutorado04/bases/ORION/driver/gp_update/1173664.html,Lotus Racing Junior,Roy Nissany,Israel,30 November 1994 (21)
/home/edimar/doutorado/doutorado04/bases/ORION/driver/gp_update/1173668.html,BMW Team RMG,Marco Wittmann,Germany,24 November 1989 (26)
/home/edimar/doutorado/doutorado04/bases/ORION/driver/gp_update/1173673.html,Motopark Academy,Sergio Sette Camara,Brazil,23 May 1998 (18)
/home/edimar/doutorado/doutorado04/bases/ORION/driver/gp_update/1173685.html,Octo Pramac Yakhnich,Scott Redding,United Kingdom,4 January 1993 (23)
/home/edimar/doutorado/doutorado04/bases/ORION/driver/gp_update/1173733.html,DS Virgin Racing,Jose Maria López,Argentina,21 February 1982 (34)
/home/edimar/doutorado/doutorado04/bases/ORION/driver/gp_update/1173748.html,Mücke Motorsport,Mikkel Jensen,Denmark,31 December 1994 (21)
/home/edimar/doutorado/doutorado04/bases/ORION/driver/gp_update/1173749.html,Avintia Racing,Michele Pirro,Italy,5 July 1986 (30)
/home/edimar/doutorado/doutorado04/bases/ORION/driver/gp_update/1173753.html,Campos,Sean Gelael,Indonesia,
/home/edimar/doutorado/doutorado04/bases/ORION/driver/gp_update/1173754.html,Audi Sport Team Abt Sportsline,Mattias Ekström,Sweden,14 July 1978 (38)
/home/edimar/doutorado/doutorado04/bases/ORION/driver/gp_update/1173758.html,Italtrans Racing Team,Federico Fuligni,Italy,1 June 1995 (21)
/home/edimar/doutorado/doutorado04/bases/ORION/driver/gp_update/1173771.html,Mahindra Racing,Marco Bezzecchi,Italy,12 November 1998 (17)
/home/edimar/doutorado/doutorado04/bases/ORION/driver/gp_update/1173773.html,"Estrella Galicia 0,0 Marc VDS",Esteve Rabat,Spain,25 May 1989 (27)
/home/edimar/doutorado/doutorado04/bases/ORION/driver/gp_update/1173785.html,Jenzer Motorsport,Oscar Tunjo,Colombia,
/home/edimar/doutorado/doutorado04/bases/ORION/driver/gp_update/1173809.html,Leopard Racing,Joan Mir,Spain,1 September 1997 (19)
/home/edimar/doutorado/doutorado04/bases/ORION/driver/gp_update/1173811.html,Force India F1,Sergio Perez,Mexico,26 December 1989 (26)
/home/edimar/doutorado/doutorado04/bases/ORION/driver/gp_update/1173855.html,ART Grand Prix,Alex Albon,Great Britain,23 March 1996 (20)
/home/edimar/doutorado/doutorado04/bases/ORION/driver/gp_update/1173860.html,Caterham Moto Racing Team,Adam Norrodin,Malaysia,13 June 1998 (18)
/home/edimar/doutorado/doutorado04/bases/ORION/driver/gp_update/1173879.html,JPM Malaysia,Ricard Cardus,Spain,18 March 1988 (28)
/home/edimar/doutorado/doutorado04/bases/ORION/driver/gp_update/1173888.html,Trident Racing,Luca Ghiotto,Italy,
/home/edimar/doutorado/doutorado04/bases/ORION/driver/gp_update/1173898.html,RP Motorsport,Artur Janosz,Poland,
/home/edimar/doutorado/doutorado04/bases/ORION/driver/gp_update/1173899.html,Arden International,Jimmy Eriksson,Sweden,14 March 1991 (25)
/home/edimar/doutorado/doutorado04/bases/ORION/driver/gp_update/1173909.html,Zengo Motorsport,Daniel Nagy,Hungary,9 April 1998 (18)
/home/edimar/doutorado/doutorado04/bases/ORION/driver/gp_update/1173916.html,Russian Time,Raffaele Marciello,Italy,
/home/edimar/doutorado/doutorado04/bases/ORION/driver/gp_update/1173937.html,Aprilia Racing,Álvaro Bautista,Spain,21 November 1984 (31)
/home/edimar/doutorado/doutorado04/bases/ORION/driver/gp_update/1173997.html,AV Formula,Tom Dillmann,France,6 April 1989 (27)
/home/edimar/doutorado/doutorado04/bases/ORION/driver/gp_update/1174006.html,Prema Powerteam,Ralf Aron,Estonia,21 March 1998 (18)
/home/edimar/doutorado/doutorado04/bases/ORION/driver/gp_update/1174014.html,Idemitsu Honda Team Asia,Ratthapark Wilairot,Thailand,14 April 1988 (28)
/home/edimar/doutorado/doutorado04/bases/ORION/driver/gp_update/1174044.html,Red Bull Racing,Helmut Marko,Austria,27 April 1943 (73)
/home/edimar/doutorado/doutorado04/bases/ORION/driver/gp_update/1174079.html,Caterham Moto Racing Team,Jakub Kornfeil,Czech Republic,8 April 1993 (23)
/home/edimar/doutorado/doutorado04/bases/ORION/driver/gp_update/1174097.html,SaxoPrint-RTG,Albert Arenas,Spain,11 December 1996 (19)
/home/edimar/doutorado/doutorado04/bases/ORION/driver/gp_update/1174116.html,Freudenberg Racing Team,Tim Georgi,Germany,
/home/edimar/doutorado/doutorado04/bases/ORION/driver/gp_update/1174152.html,SaxoPrint-RTG,John McPhee,Great Britain,
/home/edimar/doutorado/doutorado04/bases/ORION/driver/gp_update/1174198.html,Carlin,Zhicong Li,China,25 August 1993 (23)
/home/edimar/doutorado/doutorado04/bases/ORION/driver/gp_update/1174244.html,Mücke Motorsport,David Beckmann,Germany,27 April 2000 (16)
/home/edimar/doutorado/doutorado04/bases/ORION/driver/gp_update/1174254.html,ART Grand Prix,Gary Paffett,United Kingdom,24 March 1981 (35)
/home/edimar/doutorado/doutorado04/bases/ORION/driver/gp_update/1174260.html,Carlin,Weiron Tan,Malaysia,3 December 1994 (21)
/home/edimar/doutorado/doutorado04/bases/ORION/driver/gp_update/1174344.html,Interwetten Paddock,Robin Mulhauser,Switzerland,
/home/edimar/doutorado/doutorado04/bases/ORION/driver/gp_update/1174384.html,Avintia Racing,Loris Baz,France,
/home/edimar/doutorado/doutorado04/bases/ORION/driver/gp_update/1174410.html,Renault e.Dams,Sébastien Buemi,Switzerland,31 October 1988 (27)
/home/edimar/doutorado/doutorado04/bases/ORION/driver/gp_update/1174415.html,Mahindra Racing Formula E Team,Bruno Senna,Brazil,15 October 1983 (32)
/home/edimar/doutorado/doutorado04/bases/ORION/driver/gp_update/1174427.html,Van Amersfoort Racing,Pedro Piquet,Brazil,3 July 1998 (18)
/home/edimar/doutorado/doutorado04/bases/ORION/driver/gp_update/1174437.html,Force India F1,Alfonso Celis,Mexico,18 September 1996 (19)
/home/edimar/doutorado/doutorado04/bases/ORION/driver/gp_update/1174445.html,Sky Racing Team VR46,Nicolò Bulega,Italy,16 October 1999 (16)
/home/edimar/doutorado/doutorado04/bases/ORION/driver/gp_update/1174460.html,Repsol Honda Team,Marc Marquez,Spain,17 February 1993 (23)
/home/edimar/doutorado/doutorado04/bases/ORION/driver/gp_update/1174465.html,Manor Racing,Alexander Rossi,United States,25 September 1991 (24)
/home/edimar/doutorado/doutorado04/bases/ORION/driver/gp_update/1174473.html,Ambrogio Racing,Darryn Binder,South Africa,
/home/edimar/doutorado/doutorado04/bases/ORION/driver/gp_update/1174507.html,MP Motorsport,Daniel de Jong,Netherlands,9 July 1992 (24)
/home/edimar/doutorado/doutorado04/bases/ORION/driver/gp_update/1174514.html,Audi Sport Team Phoenix,Timo Scheider,Germany,10 November 1978 (37)
/home/edimar/doutorado/doutorado04/bases/ORION/driver/gp_update/1174526.html,Estrella Galicia 0'0,Aron Canet,Spain,30 September 1999 (16)
/home/edimar/doutorado/doutorado04/bases/ORION/driver/gp_update/1174544.html,Force India F1,Nikita Mazepin,Russia,2 March 1999 (17)
/home/edimar/doutorado/doutorado04/bases/ORION/driver/gp_update/1174554.html,Aprilia Racing,Stefan Bradl,Germany,29 November 1989 (26)
/home/edimar/doutorado/doutorado04/bases/ORION/driver/gp_update/1174593.html,Chip Ganassi Racing,Scott Dixon,New Zealand,22 July 1980 (36)
/home/edimar/doutorado/doutorado04/bases/ORION/driver/gp_update/1174595.html,Carlin,Raoul Hyman,South Africa,12 May 1996 (20)
/home/edimar/doutorado/doutorado04/bases/ORION/driver/gp_update/1174605.html,Audi Sport Team Abt Sportsline,Nico Muller,Switzerland,25 February 1992 (24)
/home/edimar/doutorado/doutorado04/bases/ORION/driver/gp_update/1174619.html,Husqvarna Factory Laglisse,Maria Herrera,Spain,
/home/edimar/doutorado/doutorado04/bases/ORION/driver/gp_update/1174621.html,Mücke Motorsport,Christian Vietoris,Germany,1 April 1989 (27)
/home/edimar/doutorado/doutorado04/bases/ORION/driver/gp_update/1174625.html,CIP,Tatsuki Suzuki,Japan,
/home/edimar/doutorado/doutorado04/bases/ORION/driver/gp_update/1174629.html,Rapax,Gustav Malja,Sweden,
/home/edimar/doutorado/doutorado04/bases/ORION/driver/gp_update/1174633.html,HitechGP,George Russell,United Kingdom,15 February 1998 (18)
/home/edimar/doutorado/doutorado04/bases/ORION/driver/gp_update/1174662.html,HWA Team,Maximillian Gotz,Germany,4 February 1986 (30)
/home/edimar/doutorado/doutorado04/bases/ORION/driver/gp_update/1174665.html,Italtrans Racing Team,Mattia Pasini,Italy,13 August 1985 (31)
/home/edimar/doutorado/doutorado04/bases/ORION/driver/gp_update/1174668.html,Gresini Racing,Fabio Di Giannantonio,Italy,10 October 1998 (17)
/home/edimar/doutorado/doutorado04/bases/ORION/driver/gp_update/1174745.html,Haas F1,Esteban Gutiérrez,Mexico,5 August 1991 (25)
/home/edimar/doutorado/doutorado04/bases/ORION/driver/gp_update/1174752.html,Ioda Racing Project,Efrén Vazquez Vazquez,Spain,2 September 1986 (30)
/home/edimar/doutorado/doutorado04/bases/ORION/driver/gp_update/1174758.html,Lada Sport,Nick Catsburg,Netherlands,
/home/edimar/doutorado/doutorado04/bases/ORION/driver/gp_update/1174771.html,Citroën Racing,Yvan Muller,France,16 August 1969 (47)
/home/edimar/doutorado/doutorado04/bases/ORION/driver/gp_update/1174788.html,Carlin,Marvin Kirchhofer,Germany,19 March 1994 (22)
/home/edimar/doutorado/doutorado04/bases/ORION/driver/gp_update/1174820.html,Sebastien Loeb Racing,Tom Chilton,Great Britain,15 March 1985 (31)
/home/edimar/doutorado/doutorado04/bases/ORION/driver/gp_update/1174821.html,Renault,Kevin Magnussen,Denmark,5 October 1992 (23)
/home/edimar/doutorado/doutorado04/bases/ORION/driver/gp_update/1174867.html,Williams,Paul di Resta,United Kingdom,16 April 1986 (30)
/home/edimar/doutorado/doutorado04/bases/ORION/driver/gp_update/1174869.html,HWA Team,Robert Wickens,Canada,13 March 1989 (27)
/home/edimar/doutorado/doutorado04/bases/ORION/driver/gp_update/1174925.html,"Estrella Galicia 0,0 Marc VDS",Jack Miller,Australia,
/home/edimar/doutorado/doutorado04/bases/ORION/driver/gp_update/1174934.html,SaxoPrint-RTG,Maximilian Kappler,Germany,1 October 1997 (18)
/home/edimar/doutorado/doutorado04/bases/ORION/driver/gp_update/1174943.html,Force India F1,Nico Hülkenberg,Germany,19 August 1987 (29)
/home/edimar/doutorado/doutorado04/bases/ORION/driver/gp_update/1174944.html,Marc VDS Racing Team,Franco Morbidelli,Italy,12 April 1994 (22)
/home/edimar/doutorado/doutorado04/bases/ORION/driver/gp_update/1174952.html,Mahindra Racing,Fabio Spiranelli,Italy,5 December 1999 (16)
/home/edimar/doutorado/doutorado04/bases/ORION/driver/gp_update/1174954.html,Ferrari,Jules Bianchi,France,3 August 1989
/home/edimar/doutorado/doutorado04/bases/ORION/driver/gp_update/1174967.html,Tech 3 Racing,Isaac Vinales,Spain,6 November 1993 (22)
/home/edimar/doutorado/doutorado04/bases/ORION/driver/gp_update/1174982.html,ART Grand Prix,Nyck de Vries,Netherlands,6 February 1995 (21)
/home/edimar/doutorado/doutorado04/bases/ORION/driver/gp_update/1174996.html,Audi Sport Team Abt Sportsline,Edoardo Mortara,Italy,12 January 1987 (29)
/home/edimar/doutorado/doutorado04/bases/ORION/driver/gp_update/1175002.html,Jenzer Motorsport,Akash Nandy,Malaysia,10 January 1997 (19)
/home/edimar/doutorado/doutorado04/bases/ORION/driver/gp_update/1175006.html,Caterham,Kamui Kobayashi,Japan,13 September 1986 (29)
/home/edimar/doutorado/doutorado04/bases/ORION/driver/gp_update/1175036.html,DAMS,Jake Hughes,United Kingdom,30 May 1994 (22)
/home/edimar/doutorado/doutorado04/bases/ORION/driver/gp_update/1175040.html,Mahindra Racing Formula E Team,Felix Rosenqvist,Sweden,7 November 1991 (24)
/home/edimar/doutorado/doutorado04/bases/ORION/driver/gp_update/1175041.html,Italtrans Racing Team,Remy Gardner,Australia,
/home/edimar/doutorado/doutorado04/bases/ORION/driver/gp_update/1175047.html,Koiranen Motorsport,Matt Parry,United Kingdom,
/home/edimar/doutorado/doutorado04/bases/ORION/driver/gp_update/1175079.html,Carlin,Alessio Lorandi,Italy,8 September 1998 (17)
/home/edimar/doutorado/doutorado04/bases/ORION/driver/gp_update/1175081.html,Sauber,Felipe Nasr,Brazil,21 August 1992 (24)
/home/edimar/doutorado/doutorado04/bases/ORION/driver/gp_update/1175083.html,Honda Racing Team JAS,Norbert Michelisz,Hungary,8 August 1984 (32)
/home/edimar/doutorado/doutorado04/bases/ORION/driver/gp_update/1175109.html,QMMF Racing Team,Xavier Simeon,Belgium,31 August 1989 (27)
/home/edimar/doutorado/doutorado04/bases/ORION/driver/gp_update/1175115.html,Manor Racing,Esteban Ocon,France,
/home/edimar/doutorado/doutorado04/bases/ORION/driver/gp_update/1175123.html,BMW Team RBM,Tom Blomqvist,Great Britain,30 November 1993 (22)
/home/edimar/doutorado/doutorado04/bases/ORION/driver/gp_update/1175135.html,Arden,Jack Aitken,United Kingdom,
/home/edimar/doutorado/doutorado04/bases/ORION/driver/gp_update/1175141.html,Tasca Racing,Alessandro Tonucci,Italy,23 April 1993 (23)
/home/edimar/doutorado/doutorado04/bases/ORION/driver/gp_update/1175147.html,TT Motion,Philipp Oettl,Germany,
/home/edimar/doutorado/doutorado04/bases/ORION/driver/gp_update/1175156.html,HitechGP,Ben Barnicoat,United Kingdom,20 December 1996 (19)
/home/edimar/doutorado/doutorado04/bases/ORION/driver/gp_update/1175162.html,Leopard Racing,Andrea Locatelli,Italy,16 October 1996 (19)
/home/edimar/doutorado/doutorado04/bases/ORION/driver/gp_update/1175179.html,Koiranen Motorsport,Matevos Isaakyan,Russia,17 April 1998 (18)
/home/edimar/doutorado/doutorado04/bases/ORION/driver/gp_update/1175193.html,Jaguar Formula E Team,Mitchell Evans,New Zealand,24 June 1994 (22)
/home/edimar/doutorado/doutorado04/bases/ORION/driver/gp_update/1175223.html,Ambrogio Racing,Danny Webb,United Kingdom,22 March 1991 (25)
/home/edimar/doutorado/doutorado04/bases/ORION/driver/gp_update/1175246.html,Tech 3,Pol Espargaro,Spain,10 June 1991 (25)
/home/edimar/doutorado/doutorado04/bases/ORION/driver/gp_update/1175256.html,SaxoPrint-RTG,Alexis Masbou,France,2 June 1987 (29)
/home/edimar/doutorado/doutorado04/bases/ORION/driver/gp_update/1175315.html,Tech 3,Bradley Smith,United Kingdom,28 November 1990 (25)
/home/edimar/doutorado/doutorado04/bases/ORION/driver/gp_update/1175324.html,Renault,Sergey Sirotkin,Russia,27 August 1995 (21)
/home/edimar/doutorado/doutorado04/bases/ORION/driver/gp_update/1175337.html,Koiranen Motorsport,Niko Kari,Finland,6 October 1999 (16)
/home/edimar/doutorado/doutorado04/bases/ORION/driver/gp_update/1175345.html,Motopark Academy,Guan Yu Zhou,China,30 May 1999 (17)
/home/edimar/doutorado/doutorado04/bases/ORION/driver/gp_update/1175351.html,Trident Racing,Giuliano Alesi,France,20 September 1999 (16)
/home/edimar/doutorado/doutorado04/bases/ORION/driver/gp_update/1175376.html,Ducati Team,Andrea Iannone,Italy,9 August 1989 (27)
/home/edimar/doutorado/doutorado04/bases/ORION/driver/gp_update/1175378.html,Dale Coyne Racing,Conor Daly,United States,17 December 1991 (24)
/home/edimar/doutorado/doutorado04/bases/ORION/driver/gp_update/1175382.html,ART Grand Prix,Nirei Fukuzumi,Japan,24 January 1997 (19)
/home/edimar/doutorado/doutorado04/bases/ORION/driver/gp_update/1175401.html,Audi Sport Team Abt Sportsline,Miguel Molina,Spain,
/home/edimar/doutorado/doutorado04/bases/ORION/driver/gp_update/1175403.html,Kiefer Racing,Miguel Oliveira,Portugal,4 January 1995 (21)
/home/edimar/doutorado/doutorado04/bases/ORION/driver/gp_update/1175404.html,Sauber,Marcus Ericsson,Sweden,2 September 1990 (26)
/home/edimar/doutorado/doutorado04/bases/ORION/driver/gp_update/1175431.html,Mahindra Racing,Lorenzo Petrarca,Italy,24 July 1997 (19)
/home/edimar/doutorado/doutorado04/bases/ORION/driver/gp_update/1175467.html,Stop And Go Racing Team,Jesko Raffin,Switzerland,12 June 1996 (20)
/home/edimar/doutorado/doutorado04/bases/ORION/driver/gp_update/1175481.html,Movistar Yamaha MotoGP,Valentino Rossi,Italy,16 February 1979 (37)
/home/edimar/doutorado/doutorado04/bases/ORION/driver/gp_update/1175504.html,Manor Racing,Jordan King,Great Britain,
/home/edimar/doutorado/doutorado04/bases/ORION/driver/gp_update/1175550.html,Lada Sport,Hugo Valente,France,17 June 1992 (24)
/home/edimar/doutorado/doutorado04/bases/ORION/driver/gp_update/1175575.html,Intact GP,Jonas Folger,Germany,13 August 1993 (23)
/home/edimar/doutorado/doutorado04/bases/ORION/driver/gp_update/1175597.html,Sebastien Loeb Racing,Mehdi Bennani,Morocco,25 August 1983 (33)
/home/edimar/doutorado/doutorado04/bases/ORION/driver/gp_update/1175624.html,Campos Racing,Konstantin Tereschenko,Russia,17 June 1994 (22)
/home/edimar/doutorado/doutorado04/bases/ORION/driver/gp_update/1175627.html,Van Amersfoort Racing,Callum Ilott,United Kingdom,11 November 1998 (17)
/home/edimar/doutorado/doutorado04/bases/ORION/driver/gp_update/1175637.html,QMMF Racing Team,Julian Simon,Spain,3 April 1987 (29)
/home/edimar/doutorado/doutorado04/bases/ORION/driver/gp_update/1175666.html,Audi Sport Team Rosberg,Jamie Green,United Kingdom,14 June 1982 (34)
/home/edimar/doutorado/doutorado04/bases/ORION/driver/gp_update/1175690.html,BMW Team Schnitzer,Martin Tomczyk,Germany,7 December 1981 (34)
/home/edimar/doutorado/doutorado04/bases/ORION/driver/gp_update/1175703.html,Interwetten Paddock,Thomas Luthi,Switzerland,6 September 1986 (30)
/home/edimar/doutorado/doutorado04/bases/ORION/driver/gp_update/1175714.html,Polestar Racing,Thed Bjork,Sweden,14 December 1980 (35)
/home/edimar/doutorado/doutorado04/bases/ORION/driver/gp_update/1175727.html,Münnich Motorsport,Sabine Schmitz,Germany,14 May 1969 (47)
/home/edimar/doutorado/doutorado04/bases/ORION/driver/gp_update/1175771.html,Scuderia Toro Rosso,Carlos Sainz Jr.,Spain,1 September 1994 (22)
/home/edimar/doutorado/doutorado04/bases/ORION/driver/gp_update/1175773.html,Van Amersfoort Racing,Anthoine Hubert,France,22 September 1996 (19)
/home/edimar/doutorado/doutorado04/bases/ORION/driver/gp_update/1175776.html,Techeetah,Jean-Eric Vergne,France,25 April 1990 (26)
/home/edimar/doutorado/doutorado04/bases/ORION/driver/gp_update/1175779.html,Aspar Team MotoGP,Yonni Hernandez,Colombia,25 July 1988 (28)
/home/edimar/doutorado/doutorado04/bases/ORION/driver/gp_update/1175785.html,Avintia Racing,Hector Barbera,Spain,2 November 1986 (29)
/home/edimar/doutorado/doutorado04/bases/ORION/driver/gp_update/1175801.html,Aspar Team MotoGP,Eugene Laverty,United Kingdom,3 June 1986 (30)
/home/edimar/doutorado/doutorado04/bases/ORION/driver/gp_update/1175808.html,Racing Engineering,Norman Nato,France,7 August 1992 (24)
/home/edimar/doutorado/doutorado04/bases/ORION/driver/gp_update/1175809.html,Sebastien Loeb Racing,Gregoire Demoustier,France,26 January 1991 (25)
/home/edimar/doutorado/doutorado04/bases/ORION/driver/gp_update/1175863.html,Intact GP,Sandro Cortese,Germany,6 January 1990 (26)
/home/edimar/doutorado/doutorado04/bases/ORION/driver/gp_update/1175866.html,Carlin,Ryan Tveter,United States,
/home/edimar/doutorado/doutorado04/bases/ORION/driver/gp_update/1175899.html,Münnich Motorsport,Rene Munnich,Germany,6 May 1977 (39)
/home/edimar/doutorado/doutorado04/bases/ORION/driver/gp_update/1175928.html,Team Italia,Stefano Manzi,Italy,
/home/edimar/doutorado/doutorado04/bases/ORION/driver/gp_update/1175932.html,LCR Honda,Cal Crutchlow,Great Britain,29 October 1985 (30)
/home/edimar/doutorado/doutorado04/bases/ORION/driver/gp_update/1175937.html,Jenzer Motorsport,Arjun Maini,India,10 December 1997 (18)
/home/edimar/doutorado/doutorado04/bases/ORION/driver/gp_update/1175940.html,Manor Racing,Rio Haryanto,Indonesia,22 January 1993 (23)
/home/edimar/doutorado/doutorado04/bases/ORION/driver/gp_update/1175948.html,Movistar Yamaha MotoGP,Jorge Lorenzo,Spain,4 May 1987 (29)
/home/edimar/doutorado/doutorado04/bases/ORION/driver/gp_update/1175968.html,Lada Sport,Gabriele Tarquini,Italy,2 March 1962 (54)
/home/edimar/doutorado/doutorado04/bases/ORION/driver/gp_update/1175991.html,Octo Pramac Yakhnich,Danilo Petrucci,Italy,
/home/edimar/doutorado/doutorado04/bases/ORION/driver/gp_update/1175999.html,Forward Racing,Lorenzo Baldassarri,Italy,
/home/edimar/doutorado/doutorado04/bases/ORION/driver/gp_update/1176011.html,Forward Racing,Luca Marini,Italy,10 August 1997 (19)
/home/edimar/doutorado/doutorado04/bases/ORION/driver/gp_update/1176040.html,Ajo Motorsport,Brad Binder,South Africa,11 August 1995 (21)
/home/edimar/doutorado/doutorado04/bases/ORION/driver/gp_update/1176065.html,Arginano Racing Team,Marcel Schrotter,Germany,2 January 1991 (25)
/home/edimar/doutorado/doutorado04/bases/ORION/driver/gp_update/1176071.html,Speed Up,Simone Corsi,Italy,24 April 1987 (29)
/home/edimar/doutorado/doutorado04/bases/ORION/driver/gp_update/1176080.html,HP Tuenti 40,Edgar Pons,Spain,
/home/edimar/doutorado/doutorado04/bases/ORION/driver/gp_update/1176088.html,Repsol Honda Team,Dani Pedrosa,Spain,29 September 1985 (30)
/home/edimar/doutorado/doutorado04/bases/ORION/driver/gp_update/1176095.html,Team Suzuki Ecstar,Maverick Vinales,Spain,12 January 1995 (21)
/home/edimar/doutorado/doutorado04/bases/ORION/driver/gp_update/1176096.html,RP Motorsport,Johnny Cecotto Jr.,Venezuela,9 September 1989 (26)
/home/edimar/doutorado/doutorado04/bases/ORION/driver/gp_update/1176122.html,Honda Team Asia,Khairul Idham Pawi,Malaysia,
/home/edimar/doutorado/doutorado04/bases/ORION/driver/gp_update/1176125.html,Gresini Racing,Sam Lowes,United Kingdom,14 September 1990 (25)
/home/edimar/doutorado/doutorado04/bases/ORION/driver/gp_update/1176135.html,Williams,Kazuki Nakajima,Japan,11 January 1985 (31)
/home/edimar/doutorado/doutorado04/bases/ORION/driver/gp_update/1176137.html,RBA Racing Team,Juan Francisco Guevara,Spain,
/home/edimar/doutorado/doutorado04/bases/ORION/driver/gp_update/1176140.html,Campos Racing,John Filippi,France,
/home/edimar/doutorado/doutorado04/bases/ORION/driver/gp_update/1176184.html,Prema,Pierre Gasly,France,7 February 1996 (20)
/home/edimar/doutorado/doutorado04/bases/ORION/driver/gp_update/1176237.html,BMW Team RMG,Timo Glock,Germany,18 March 1982 (34)
/home/edimar/doutorado/doutorado04/bases/ORION/driver/gp_update/1176248.html,Motopark Academy,Joel Eriksson,Sweden,28 June 1998 (18)
/home/edimar/doutorado/doutorado04/bases/ORION/driver/gp_update/1176257.html,Trident Racing,Antonio Fuoco,Italy,20 May 1996 (20)
/home/edimar/doutorado/doutorado04/bases/ORION/driver/gp_update/1176279.html,Ongetta,Jules Danilo,France,
/home/edimar/doutorado/doutorado04/bases/ORION/driver/gp_update/1176285.html,Honda Racing Team JAS,Tiago Monteiro,Portugal,24 July 1976 (40)
/home/edimar/doutorado/doutorado04/bases/ORION/driver/gp_update/1176297.html,Leopard Racing,Fabio Quartararo,France,20 April 1999 (17)
/home/edimar/doutorado/doutorado04/bases/ORION/driver/gp_update/1176340.html,Renault,Jolyon Palmer,United Kingdom,20 January 1991 (25)
/home/edimar/doutorado/doutorado04/bases/ORION/driver/gp_update/1176381.html,Dale Coyne Racing,Gabriel Chaves,Colombia,7 July 1993 (23)
/home/edimar/doutorado/doutorado04/bases/ORION/driver/gp_update/1176385.html,DAMS,Santino Ferrucci,United States,31 May 1998 (18)
/home/edimar/doutorado/doutorado04/bases/ORION/driver/gp_update/1176388.html,Williams,Felipe Massa,Brazil,25 April 1981 (35)
/home/edimar/doutorado/doutorado04/bases/ORION/driver/gp_update/1176393.html,McLaren,Stoffel Vandoorne,Belgium,26 March 1992 (24)
/home/edimar/doutorado/doutorado04/bases/ORION/driver/gp_update/1176408.html,Ajo Motorsport,Bo Bendsneyder,Netherlands,4 March 1999 (17)
/home/edimar/doutorado/doutorado04/bases/ORION/driver/gp_update/1176441.html,MS Amlin Andretti,Scott Speed,United States,24 January 1983 (33)
/home/edimar/doutorado/doutorado04/bases/ORION/driver/gp_update/1176773.html,Status Grand Prix,Richie Stanaway,New Zealand,24 November 1991 (24)
/home/edimar/doutorado/doutorado04/bases/ORION/driver/gp_update/1176774.html,Trident Racing,Giovanni Venturini,Italy,9 November 1991 (24)
/home/edimar/doutorado/doutorado04/bases/ORION/driver/gp_update/1176775.html,Carlin,William Buller,United Kingdom,17 September 1992 (23)
/home/edimar/doutorado/doutorado04/bases/ORION/driver/gp_update/1176782.html,Arden,Kevin Ceccon,Italy,
/home/edimar/doutorado/doutorado04/bases/ORION/driver/gp_update/1176789.html,Carlin,Daniel Morad,Canada,24 April 1990 (26)
/home/edimar/doutorado/doutorado04/bases/ORION/driver/gp_update/1176793.html,Bamboo Engineering,Lewis Williamson,Great Britain,11 November 1989 (26)
/home/edimar/doutorado/doutorado04/bases/ORION/driver/gp_update/1177199.html,P1 Motorsport,Matias Laine,Finland,25 April 1990 (26)
/home/edimar/doutorado/doutorado04/bases/ORION/driver/gp_update/1177233.html,RSC Mücke Motorsport,Michael Christensen,Denmark,28 August 1990 (26)
/home/edimar/doutorado/doutorado04/bases/ORION/driver/gp_update/1177234.html,Carlin,Callum MacLeod,Great Britain,
/home/edimar/doutorado/doutorado04/bases/ORION/driver/gp_update/1177235.html,Threebond With T-Sport,Kevin Korjus,Estonia,9 January 1993 (23)
/home/edimar/doutorado/doutorado04/bases/ORION/driver/gp_update/1177236.html,ART Grand Prix,Pedro Nunes,Brazil,22 August 1988 (28)
/home/edimar/doutorado/doutorado04/bases/ORION/driver/gp_update/1177237.html,BVM Target,Tamas Pal Kiss,Hungary,19 May 1991 (25)
/home/edimar/doutorado/doutorado04/bases/ORION/driver/gp_update/1177238.html,Arden,Emil Bernstorff,United Kingdom,7 June 1993 (23)
/home/edimar/doutorado/doutorado04/bases/ORION/driver/gp_update/1177239.html,MotorSport Vision,Tobias Hegewald,Germany,3 August 1989 (27)
/home/edimar/doutorado/doutorado04/bases/ORION/driver/gp_update/1177240.html,Bamboo Engineering,Miki Monras,Spain,
/home/edimar/doutorado/doutorado04/bases/ORION/driver/gp_update/1177241.html,Addax Team,Dean Smith,United Kingdom,
/home/edimar/doutorado/doutorado04/bases/ORION/driver/gp_update/1177242.html,Carlin,Jann Mardenborough,United Kingdom,9 September 1991 (24)
/home/edimar/doutorado/doutorado04/bases/ORION/driver/gp_update/1177243.html,Arden,Aleksander Bosak,Poland,14 August 1993 (23)
/home/edimar/doutorado/doutorado04/bases/ORION/driver/gp_update/1177244.html,Addax Team,Oliver Oakes,United Kingdom,11 January 1988 (28)
/home/edimar/doutorado/doutorado04/bases/ORION/driver/gp_update/1177245.html,Venezuela GP Lazarus,Zoël Amberg,Switzerland,25 September 1992 (23)
/home/edimar/doutorado/doutorado04/bases/ORION/driver/gp_update/1177246.html,Manor Racing,Patrick Kujala,Finland,
/home/edimar/doutorado/doutorado04/bases/ORION/driver/gp_update/1177247.html,Lotus Racing Junior,Marlon Stockinger,Philippines,
/home/edimar/doutorado/doutorado04/bases/ORION/driver/gp_update/1177248.html,Tech 1 Racing,Doru Sechelariu,Romania,19 November 1992 (23)
/home/edimar/doutorado/doutorado04/bases/ORION/driver/gp_update/1177249.html,Jenzer Motorsport,Maxim Zimin,Russia,28 April 1994 (22)
/home/edimar/doutorado/doutorado04/bases/ORION/driver/gp_update/1177250.html,Carlin,Dean Stoneman,United Kingdom,24 July 1990 (26)
/home/edimar/doutorado/doutorado04/bases/ORION/driver/gp_update/1177251.html,ABT Schaeffler Audi Sport,Daniel Abt,Germany,3 December 1992 (23)
/home/edimar/doutorado/doutorado04/bases/ORION/driver/gp_update/1177252.html,ART Grand Prix,Jack Harvey,Great Britain,15 April 1993 (23)
/home/edimar/doutorado/doutorado04/bases/ORION/driver/gp_update/1177253.html,ART Grand Prix,Alex Brundle,United Kingdom,7 August 1990 (26)
/home/edimar/doutorado/doutorado04/bases/ORION/driver/gp_update/1177254.html,Rapax,Adrian Quaife-Hobbs,United Kingdom,3 February 1991 (25)
/home/edimar/doutorado/doutorado04/bases/ORION/driver/gp_update/1177255.html,Manor Racing,Roberto Merhi,Spain,22 March 1991 (25)
/home/edimar/doutorado/doutorado04/bases/ORION/driver/gp_update/1177256.html,Carlin,Eric Liechtenstein,Argentina,6 October 1994 (21)
/home/edimar/doutorado/doutorado04/bases/ORION/driver/gp_update/1177257.html,Carlin,Leonardo Cordeiro,Brazil,8 November 1989 (26)
/home/edimar/doutorado/doutorado04/bases/ORION/driver/gp_update/1177258.html,Hilmer Motorsport,Simon Trummer,Switzerland,8 January 1989 (27)
/home/edimar/doutorado/doutorado04/bases/ORION/driver/gp_update/1177259.html,MP Motorsport,Vittorio Ghirelli,Italy,9 May 1994 (22)
/home/edimar/doutorado/doutorado04/bases/ORION/driver/gp_update/1177260.html,Italy,Mirko Bortolotti,Italy,10 January 1990 (26)
/home/edimar/doutorado/doutorado04/bases/ORION/driver/gp_update/1177261.html,Eurointernational,Facundo Regalia,Argentina,23 November 1991 (24)
/home/edimar/doutorado/doutorado04/bases/ORION/driver/gp_update/1177262.html,Russian Time,Luciano Bacheta,Great Britain,26 April 1990 (26)
/home/edimar/doutorado/doutorado04/bases/ORION/driver/gp_update/1177263.html,Manor Racing,Fabiano Machado,Brazil,
/home/edimar/doutorado/doutorado04/bases/ORION/driver/gp_update/1177264.html,Super Aguri,Stefano Coletti,Monaco,6 April 1989 (27)
/home/edimar/doutorado/doutorado04/bases/ORION/driver/gp_update/1177265.html,Eurointernational,Ricciardo Agostini,Italy,20 April 1994 (22)
/home/edimar/doutorado/doutorado04/bases/ORION/driver/gp_update/1177266.html,Rapax,Robert Visoiu,Romania,
/home/edimar/doutorado/doutorado04/bases/ORION/driver/gp_update/1177267.html,Force India F1,James Calado,United Kingdom,13 June 1989 (27)
/home/edimar/doutorado/doutorado04/bases/ORION/driver/gp_update/1177268.html,Carlin Motorsport,Alice Powell,United Kingdom,26 January 1993 (23)
/home/edimar/doutorado/doutorado04/bases/ORION/driver/gp_update/1177269.html,Lotus Racing Junior,Nick Yelloly,Great Britain,
/home/edimar/doutorado/doutorado04/bases/ORION/driver/gp_update/1177270.html,Status Grand Prix,Seb Morris,United Kingdom,30 November 1995 (20)
/home/edimar/doutorado/doutorado04/bases/ORION/driver/gp_update/1177271.html,HitechGP,Alexander Sims,United Kingdom,15 March 1988 (28)
/home/edimar/doutorado/doutorado04/bases/ORION/driver/gp_update/1177272.html,Pons Racing,Nelson Mason,Canada,
/home/edimar/doutorado/doutorado04/bases/ORION/driver/gp_update/1177273.html,Venezuela GP Lazarus,Patrick Niederhauser,Switzerland,
/home/edimar/doutorado/doutorado04/bases/ORION/driver/gp_update/1177274.html,Jenzer Motorsport,Pal Varhaug,Norway,26 January 1991 (25)
/home/edimar/doutorado/doutorado04/bases/ORION/driver/gp_update/1177275.html,Ocean Racing Technology,Andrea Caldarelli,Italy,14 February 1990 (26)
/home/edimar/doutorado/doutorado04/bases/ORION/driver/gp_update/1177276.html,Koiranen Motorsport,Aaro Vainio,Finland,2 October 1993 (22)
/home/edimar/doutorado/doutorado04/bases/ORION/driver/gp_update/1177277.html,Status Grand Prix,Ivan Lukashevich,Russia,9 May 1991 (25)
/home/edimar/doutorado/doutorado04/bases/ORION/driver/gp_update/1177278.html,Jenzer Motorsport,Matheo Tuscher,Switzerland,
/home/edimar/doutorado/doutorado04/bases/ORION/driver/gp_update/1177279.html,Persson Motorsport,Renger van der Zande,Netherlands,16 February 1986 (30)
/home/edimar/doutorado/doutorado04/bases/ORION/driver/gp_update/1177280.html,ART Grand Prix,Dino Zamparelli,Great Britain,5 October 1992 (23)
/home/edimar/doutorado/doutorado04/bases/ORION/driver/gp_update/1177281.html,Carlin,Adderly Fong,Hong Kong,2 March 1990 (26)
/home/edimar/doutorado/doutorado04/bases/ORION/driver/gp_update/1177282.html,Strakka Racing,Tio Ellinas,Cyprus,27 January 1992 (24)
/home/edimar/doutorado/doutorado04/bases/ORION/driver/gp_update/1177283.html,Trident Racing,David Fumanelli,Italy,21 April 1992 (24)
/home/edimar/doutorado/doutorado04/bases/ORION/driver/gp_update/1177284.html,Double R Racing,Felipe Guimaraes,Brazil,22 March 1991 (25)
/home/edimar/doutorado/doutorado04/bases/ORION/driver/gp_update/1177285.html,Comtec Racing,Lucas Foresti,Brazil,12 May 1992 (24)
/home/edimar/doutorado/doutorado04/bases/ORION/driver/gp_update/1177286.html,Carlin,Mitchell Gilbert,Australia,10 May 1994 (22)
/home/edimar/doutorado/doutorado04/bases/ORION/driver/gp_update/1177287.html,Bamboo Engineering,Melville McKee,Great Britain,19 August 1994 (22)
/home/edimar/doutorado/doutorado04/bases/ORION/driver/gp_update/1177288.html,Pons Racing,Alex Fontana,Switzerland,5 August 1992 (24)
/home/edimar/doutorado/doutorado04/bases/ORION/driver/gp_update/1177289.html,Hilmer Motorsport,Nigel Melker,Netherlands,25 January 1991 (25)
/home/edimar/doutorado/doutorado04/bases/ORION/driver/gp_update/1177290.html,Schmidt Peterson Motorsports,James Jakes,United Kingdom,4 August 1987 (29)
/home/edimar/doutorado/doutorado04/bases/ORION/driver/gp_update/1177291.html,Trident Racing,Roman De Beer,South Africa,6 October 1994 (21)
/home/edimar/doutorado/doutorado04/bases/ORION/driver/gp_update/1177292.html,Bamboo Engineering,Fabio Gamberini,Brazil,
/home/edimar/doutorado/doutorado04/bases/ORION/driver/gp_update/1177293.html,Pons Racing,Luis Sa Silva,Angola,23 August 1990 (26)
/home/edimar/doutorado/doutorado04/bases/ORION/driver/gp_update/1181669.html,Motopark Academy,Markus Pommer,Germany,27 January 1991 (25)
/home/edimar/doutorado/doutorado04/bases/ORION/driver/gp_update/1181684.html,Carlin,Julián Leal,Colombia,11 May 1990 (26)
/home/edimar/doutorado/doutorado04/bases/ORION/driver/gp_update/1181764.html,Scuderia Toro Rosso,Luiz Razia,Brazil,4 April 1989 (27)
/home/edimar/doutorado/doutorado04/bases/ORION/driver/gp_update/1181795.html,Addax,Jake Rosenzweig,United States,14 April 1989 (27)
/home/edimar/doutorado/doutorado04/bases/ORION/driver/gp_update/1181864.html,DAMS,Stephane Richelmi,Monaco,17 March 1990 (26)
/home/edimar/doutorado/doutorado04/bases/ORION/driver/gp_update/1181884.html,Scuderia Coloni,Fabio Onidi,Italy,9 March 1988 (28)
/home/edimar/doutorado/doutorado04/bases/ORION/driver/gp_update/1181901.html,MS Amlin Andretti,Robin Frijns,Netherlands,7 August 1991 (25)
/home/edimar/doutorado/doutorado04/bases/ORION/driver/gp_update/1181916.html,Addax Team,Pablo Sanchez Lopez,Mexico,9 February 1990 (26)
/home/edimar/doutorado/doutorado04/bases/ORION/driver/gp_update/1181941.html,Rapax,Kevin Giovesi,Italy,8 November 1993 (23)
/home/edimar/doutorado/doutorado04/bases/ORION/driver/gp_update/1181998.html,Panasonic Jaguar Racing,Adam Carroll,United Kingdom,26 October 1982 (34)
/home/edimar/doutorado/doutorado04/bases/ORION/driver/gp_update/1182108.html,A1 Team Monaco,Clivio Piccione,Monaco,24 February 1984 (32)
/home/edimar/doutorado/doutorado04/bases/ORION/driver/gp_update/1182645.html,NextEV NIO,Charles Pic,France,15 February 1990 (26)
/home/edimar/doutorado/doutorado04/bases/ORION/driver/gp_update/1182768.html,Haas F1,Guenther Steiner,Italy,
/home/edimar/doutorado/doutorado04/bases/ORION/driver/gp_update/1182769.html,Williams,Claire Williams,United Kingdom,
/home/edimar/doutorado/doutorado04/bases/ORION/driver/gp_update/1182779.html,Mücke Motorsport,Vitaly Petrov,Russia,8 September 1984 (32)
/home/edimar/doutorado/doutorado04/bases/ORION/driver/gp_update/1182780.html,Sauber,Giedo van der Garde,Netherlands,25 April 1985 (31)
/home/edimar/doutorado/doutorado04/bases/ORION/driver/gp_update/1182781.html,McLaren,Tim Goss,Great Britain,
/home/edimar/doutorado/doutorado04/bases/ORION/driver/gp_update/1182782.html,Mercedes Grand Prix,Brendon Hartley,New Zealand,10 November 1989 (27)
/home/edimar/doutorado/doutorado04/bases/ORION/driver/gp_update/1182790.html,Mercedes Grand Prix,Toto Wolff,Austria,12 January 1972 (44)
